<?xml version="1.0" encoding="UTF-8"?>

<channel name="displays" version="1.0">
  <property name="Default" type="empty">
    <property name="eDP-1" type="string" value="1. BOE 14&quot;">
      <property name="Active" type="bool" value="true"/>
      <property name="Resolution" type="string" value="1366x768"/>
      <property name="RefreshRate" type="double" value="60.011639"/>
      <property name="Rotation" type="int" value="0"/>
      <property name="Reflection" type="string" value="0"/>
      <property name="Primary" type="bool" value="true"/>
      <property name="Position" type="empty">
        <property name="X" type="int" value="0"/>
        <property name="Y" type="int" value="0"/>
      </property>
    </property>
    <property name="DP-1" type="string" value="DP-1">
      <property name="Active" type="bool" value="true"/>
      <property name="Resolution" type="string" value="1024x768"/>
      <property name="RefreshRate" type="double" value="60.003840"/>
      <property name="Rotation" type="int" value="0"/>
      <property name="Reflection" type="string" value="0"/>
      <property name="Primary" type="bool" value="false"/>
      <property name="Position" type="empty">
        <property name="X" type="int" value="0"/>
        <property name="Y" type="int" value="0"/>
      </property>
    </property>
    <property name="HDMI-1" type="string" value="2. AGO 15&quot;">
      <property name="Active" type="bool" value="true"/>
      <property name="Resolution" type="string" value="1024x768"/>
      <property name="RefreshRate" type="double" value="60.003840"/>
      <property name="Rotation" type="int" value="0"/>
      <property name="Reflection" type="string" value="0"/>
      <property name="Primary" type="bool" value="false"/>
      <property name="Position" type="empty">
        <property name="X" type="int" value="0"/>
        <property name="Y" type="int" value="0"/>
      </property>
    </property>
  </property>
  <property name="Notify" type="bool" value="true"/>
</channel>
