<?xml version="1.0" encoding="UTF-8"?>

<channel name="xfce4-panel" version="1.0">
  <property name="configver" type="int" value="2"/>
  <property name="panels" type="array">
    <value type="int" value="1"/>
    <value type="int" value="2"/>
    <property name="panel-1" type="empty">
      <property name="position" type="string" value="p=6;x=0;y=0"/>
      <property name="length" type="uint" value="100"/>
      <property name="position-locked" type="bool" value="true"/>
      <property name="size" type="uint" value="21"/>
      <property name="plugin-ids" type="array">
        <value type="int" value="1"/>
        <value type="int" value="3"/>
        <value type="int" value="15"/>
        <value type="int" value="19"/>
        <value type="int" value="6"/>
        <value type="int" value="18"/>
        <value type="int" value="5"/>
        <value type="int" value="20"/>
        <value type="int" value="2"/>
      </property>
      <property name="background-style" type="uint" value="0"/>
      <property name="background-color" type="array">
        <value type="uint" value="8995"/>
        <value type="uint" value="10280"/>
        <value type="uint" value="13107"/>
        <value type="uint" value="65535"/>
      </property>
    </property>
    <property name="panel-2" type="empty">
      <property name="position" type="string" value="p=10;x=0;y=0"/>
      <property name="position-locked" type="bool" value="true"/>
      <property name="plugin-ids" type="array">
        <value type="int" value="17"/>
        <value type="int" value="7"/>
        <value type="int" value="8"/>
        <value type="int" value="9"/>
        <value type="int" value="10"/>
        <value type="int" value="11"/>
        <value type="int" value="12"/>
        <value type="int" value="13"/>
        <value type="int" value="14"/>
        <value type="int" value="16"/>
      </property>
      <property name="background-style" type="uint" value="0"/>
      <property name="background-color" type="array">
        <value type="uint" value="8995"/>
        <value type="uint" value="10280"/>
        <value type="uint" value="13107"/>
        <value type="uint" value="65535"/>
      </property>
      <property name="size" type="uint" value="23"/>
      <property name="length" type="uint" value="100"/>
      <property name="autohide-behavior" type="uint" value="1"/>
    </property>
  </property>
  <property name="plugins" type="empty">
    <property name="plugin-1" type="string" value="applicationsmenu">
      <property name="button-title" type="string" value="Arch Menu"/>
      <property name="button-icon" type="string" value="/usr/share/icons/jlc-var3/places/22/network-workgroup.png"/>
    </property>
    <property name="plugin-2" type="string" value="actions"/>
    <property name="plugin-3" type="string" value="tasklist">
      <property name="show-labels" type="bool" value="false"/>
      <property name="flat-buttons" type="bool" value="true"/>
      <property name="grouping" type="uint" value="0"/>
    </property>
    <property name="plugin-15" type="string" value="separator">
      <property name="expand" type="bool" value="true"/>
      <property name="style" type="uint" value="0"/>
    </property>
    <property name="plugin-5" type="string" value="clock"/>
    <property name="plugin-6" type="string" value="systray">
      <property name="names-visible" type="array">
        <value type="string" value="obs"/>
        <value type="string" value="vlc"/>
        <value type="string" value="thunar"/>
        <value type="string" value="networkmanager applet"/>
        <value type="string" value="telegramdesktop"/>
        <value type="string" value="simplescreenrecorder"/>
        <value type="string" value="scp-dbus-service.py"/>
        <value type="string" value="remmina"/>
      </property>
      <property name="size-max" type="uint" value="16"/>
    </property>
    <property name="plugin-7" type="string" value="showdesktop"/>
    <property name="plugin-8" type="string" value="separator">
      <property name="style" type="uint" value="1"/>
    </property>
    <property name="plugin-9" type="string" value="launcher">
      <property name="items" type="array">
        <value type="string" value="15195278781.desktop"/>
      </property>
      <property name="show-label" type="bool" value="true"/>
    </property>
    <property name="plugin-10" type="string" value="launcher">
      <property name="items" type="array">
        <value type="string" value="15195278782.desktop"/>
      </property>
      <property name="show-label" type="bool" value="true"/>
    </property>
    <property name="plugin-11" type="string" value="launcher">
      <property name="items" type="array">
        <value type="string" value="15195278783.desktop"/>
      </property>
      <property name="show-label" type="bool" value="true"/>
    </property>
    <property name="plugin-12" type="string" value="launcher">
      <property name="items" type="array">
        <value type="string" value="15195278784.desktop"/>
      </property>
      <property name="show-label" type="bool" value="true"/>
    </property>
    <property name="plugin-13" type="string" value="separator">
      <property name="style" type="uint" value="1"/>
    </property>
    <property name="plugin-14" type="string" value="directorymenu">
      <property name="base-directory" type="string" value="/home/jl"/>
    </property>
    <property name="plugin-16" type="string" value="separator">
      <property name="expand" type="bool" value="true"/>
      <property name="style" type="uint" value="1"/>
    </property>
    <property name="plugin-17" type="string" value="separator">
      <property name="expand" type="bool" value="true"/>
      <property name="style" type="uint" value="1"/>
    </property>
    <property name="plugin-18" type="string" value="power-manager-plugin"/>
    <property name="plugin-19" type="string" value="pulseaudio">
      <property name="enable-keyboard-shortcuts" type="bool" value="true"/>
      <property name="mpris-players" type="string" value="mps-youtube.instance2533;mps-youtube.instance7758;mps-youtube.instance7795;vlc;vlc.instance19283"/>
    </property>
    <property name="plugin-20" type="string" value="weather"/>
  </property>
</channel>
